#,symbol,entry,exit,days,in_px,out_px,net_pct,exit_reason
1,AFCONS,2025-12-19,2025-12-31,12,379.9,386.9,0.86,Lean Score 58 fell below exit 60 (signal faded / re-rated)
2,EDELWEISS,2025-12-23,2026-04-01,99,109.1,106.2,-3.63,Lean Score dropped 16 from peak 90 (trail 15)
3,BANKBARODA,2025-12-26,2026-03-16,80,288.2,279.9,-3.86,Lean Score 59 fell below exit 60 (signal faded / re-rated)
4,CCAVENUE,2025-12-26,2026-03-23,87,16.1,13.3,-18.23,Stop-loss hit (down -17%)
5,HINDALCO,2025-12-26,2025-12-31,5,872.9,886.7,0.58,Lean Score 54 fell below exit 60 (signal faded / re-rated)
6,SAMMAANCAP,2025-12-29,2025-12-31,2,141.8,145.6,1.68,Lean Score 48 fell below exit 60 (signal faded / re-rated)
7,BECTORFOOD,2025-12-30,2026-03-04,64,228.3,193.1,-16.44,Stop-loss hit (down -15%)
8,INTELLECT,2025-12-30,2025-12-31,1,945.3,971.0,1.72,Lean Score 38 fell below exit 60 (signal faded / re-rated)
9,PCJEWELLER,2025-12-30,2026-03-30,90,9.2,7.6,-18.27,Stop-loss hit (down -17%)
10,SHILPAMED,2025-12-30,2026-01-23,24,315.4,267.0,-16.33,Stop-loss hit (down -15%)
11,UTIAMC,2025-12-30,2025-12-31,1,1103.1,1129.5,1.39,Lean Score 56 fell below exit 60 (signal faded / re-rated)
12,AARTIIND,2025-12-31,2026-03-16,75,373.9,425.1,12.71,Lean Score 56 fell below exit 60 (signal faded / re-rated)
13,ABCAPITAL,2025-12-31,2026-03-16,75,357.7,314.6,-13.05,Lean Score 45 fell below exit 60 (signal faded / re-rated)
14,ADANIENT,2025-12-31,2026-01-23,23,2239.7,1864.2,-17.77,Stop-loss hit (down -17%)
15,ADANIPORTS,2025-12-31,2026-03-16,75,1469.8,1373.9,-7.52,Lean Score 60 fell below exit 60 (signal faded / re-rated)
16,APOLLOTYRE,2025-12-31,2026-03-12,71,500.0,417.6,-17.47,Stop-loss hit (down -16%)
17,BAJAJFINSV,2025-12-31,2026-03-16,75,2039.9,1773.9,-14.04,Lean Score 51 fell below exit 60 (signal faded / re-rated)
18,BAJAJHLDNG,2025-12-31,2026-03-13,72,11328.0,9506.0,-17.08,Stop-loss hit (down -16%)
19,BBOX,2025-12-31,2026-03-16,75,550.9,496.7,-10.83,Lean Score 38 fell below exit 60 (signal faded / re-rated)
20,BLS,2025-12-31,2026-01-27,27,321.1,269.5,-17.07,Stop-loss hit (down -16%)
21,CAPLIPOINT,2025-12-31,2026-03-23,82,1838.1,1560.3,-16.11,Stop-loss hit (down -15%)
22,CCL,2025-12-31,2026-03-16,75,944.2,1043.3,9.5,Lean Score 58 fell below exit 60 (signal faded / re-rated)
23,CHOLAHLDNG,2025-12-31,2026-03-09,68,1812.9,1531.6,-16.52,Stop-loss hit (down -16%)
24,CRAFTSMAN,2025-12-31,2026-03-30,89,7689.5,6977.0,-10.27,Lean Score 60 fell below exit 60 (signal faded / re-rated)
25,DALBHARAT,2025-12-31,2026-03-16,75,2130.9,1853.0,-14.04,Lean Score dropped 16 from peak 83 (trail 15)
26,DEEPAKNTR,2025-12-31,2026-03-13,72,1731.7,1448.4,-17.36,Stop-loss hit (down -16%)
27,DEEPINDS,2025-12-31,2026-01-12,12,460.8,388.1,-16.79,Stop-loss hit (down -16%)
28,DIXON,2025-12-31,2026-01-27,27,12102.0,10184.0,-16.85,Stop-loss hit (down -16%)
29,EIDPARRY,2025-12-31,2026-02-01,32,1034.7,877.8,-16.16,Stop-loss hit (down -15%)
30,ENGINERSIN,2025-12-31,2026-01-23,23,201.2,167.2,-17.94,Stop-loss hit (down -17%)
31,EQUITASBNK,2025-12-31,2026-03-16,75,63.0,56.1,-11.94,Lean Score no longer computable
32,FEDFINA,2025-12-31,2026-03-04,63,150.9,126.0,-17.48,Stop-loss hit (down -16%)
33,FINCABLES,2025-12-31,2026-04-30,120,749.7,990.5,31.13,Max holding period 120d reached
34,FUSION,2025-12-31,2026-03-16,75,156.5,156.5,-1.0,Lean Score no longer computable
35,GESHIP,2025-12-31,2026-04-30,120,1129.0,1576.8,38.66,Max holding period 120d reached
36,GMRAIRPORT,2025-12-31,2026-03-16,75,104.4,90.5,-14.29,Lean Score no longer computable
37,GODREJIND,2025-12-31,2026-03-13,72,1002.4,838.0,-17.41,Stop-loss hit (down -16%)
38,GODREJPROP,2025-12-31,2026-01-20,20,2004.4,1694.7,-16.45,Stop-loss hit (down -15%)
39,GRAPHITE,2025-12-31,2026-04-01,91,641.7,643.2,-0.77,Lean Score 41 fell below exit 60 (signal faded / re-rated)
40,HAPPSTMNDS,2025-12-31,2026-02-06,37,460.4,387.1,-16.92,Stop-loss hit (down -16%)
41,HBLENGINE,2025-12-31,2026-01-19,19,926.6,756.3,-19.38,Stop-loss hit (down -18%)
42,IIFL,2025-12-31,2026-02-01,32,610.5,475.8,-23.07,Stop-loss hit (down -22%)
43,IKS,2025-12-31,2026-02-27,58,1657.8,1375.8,-18.01,Stop-loss hit (down -17%)
44,IOB,2025-12-31,2026-03-16,75,36.1,32.2,-11.85,Lean Score 59 fell below exit 60 (signal faded / re-rated)
45,JMFINANCIL,2025-12-31,2026-01-21,21,150.1,127.1,-16.3,Stop-loss hit (down -15%)
46,JUBLPHARMA,2025-12-31,2026-02-16,47,1073.3,894.5,-17.66,Stop-loss hit (down -17%)
47,KIRLOSBROS,2025-12-31,2026-03-16,75,1610.2,1518.4,-6.7,Lean Score 56 fell below exit 60 (signal faded / re-rated)
48,KIRLOSENG,2025-12-31,2026-03-16,75,1218.8,1470.2,19.63,Lean Score 46 fell below exit 60 (signal faded / re-rated)
49,M&M,2025-12-31,2026-03-12,71,3709.2,3031.2,-19.28,Stop-loss hit (down -18%)
50,MEDPLUS,2025-12-31,2026-03-16,75,807.3,825.8,1.29,Lean Score 46 fell below exit 60 (signal faded / re-rated)
51,MOTHERSON,2025-12-31,2026-04-30,120,119.9,121.2,0.06,Max holding period 120d reached
52,MRF,2025-12-31,2026-03-20,79,152855.0,127535.0,-17.56,Stop-loss hit (down -17%)
53,MRPL,2025-12-31,2026-03-16,75,152.0,206.8,35.01,Lean Score dropped 20 from peak 84 (trail 15)
54,NAVA,2025-12-31,2026-03-16,75,567.4,538.1,-6.16,Lean Score 57 fell below exit 60 (signal faded / re-rated)
55,NFL,2025-12-31,2026-02-24,55,91.5,77.4,-16.4,Stop-loss hit (down -15%)
56,NSLNISP,2025-12-31,2026-03-09,68,44.2,37.3,-16.68,Stop-loss hit (down -16%)
57,ONGC,2025-12-31,2026-04-30,120,240.4,299.6,23.62,Max holding period 120d reached
58,OSWALPUMPS,2025-12-31,2026-01-19,19,527.1,433.5,-18.76,Stop-loss hit (down -18%)
59,PREMIERENE,2025-12-31,2026-01-21,21,842.1,711.2,-16.55,Stop-loss hit (down -16%)
60,RBLBANK,2025-12-31,2026-03-16,75,315.8,296.1,-7.25,Lean Score 55 fell below exit 60 (signal faded / re-rated)
61,RENUKA,2025-12-31,2026-03-16,75,26.1,23.5,-11.1,Lean Score no longer computable
62,RTNPOWER,2025-12-31,2026-03-02,61,9.4,8.0,-16.36,Stop-loss hit (down -15%)
63,SAMBHV,2025-12-31,2026-04-30,120,96.1,118.7,22.58,Max holding period 120d reached
64,SANGHVIMOV,2025-12-31,2026-01-21,21,345.6,288.7,-17.45,Stop-loss hit (down -16%)
65,SENORES,2025-12-31,2026-04-01,91,822.2,773.5,-6.92,Lean Score 27 fell below exit 60 (signal faded / re-rated)
66,SONATSOFTW,2025-12-31,2026-02-12,43,359.9,288.6,-20.79,Stop-loss hit (down -20%)
67,SWIGGY,2025-12-31,2026-01-20,20,386.2,326.1,-16.57,Stop-loss hit (down -16%)
68,TANLA,2025-12-31,2026-01-20,20,525.5,441.2,-17.03,Stop-loss hit (down -16%)
69,TATACOMM,2025-12-31,2026-01-22,22,1825.3,1547.9,-16.2,Stop-loss hit (down -15%)
70,TMB,2025-12-31,2026-03-16,75,513.8,603.0,16.36,Lean Score 58 fell below exit 60 (signal faded / re-rated)
71,UJJIVANSFB,2025-12-31,2026-03-16,75,53.0,50.4,-5.81,Lean Score 50 fell below exit 60 (signal faded / re-rated)
72,VAIBHAVGBL,2025-12-31,2026-03-23,82,233.7,193.2,-18.33,Stop-loss hit (down -17%)
73,VINCOFE,2025-12-31,2026-03-09,68,158.2,129.1,-19.39,Stop-loss hit (down -18%)
74,VIPIND,2025-12-31,2026-03-16,75,382.5,337.5,-12.76,Lean Score no longer computable
75,VIYASH,2025-12-31,2026-03-16,75,208.5,194.7,-7.65,Lean Score 47 fell below exit 60 (signal faded / re-rated)
76,VOLTAMP,2025-12-31,2026-03-16,75,7852.0,8372.5,5.63,Lean Score 55 fell below exit 60 (signal faded / re-rated)
77,WAAREERTL,2025-12-31,2026-03-04,63,967.6,806.0,-17.7,Stop-loss hit (down -17%)
78,AKUMS,2026-01-01,2026-05-04,123,445.9,559.1,24.4,Max holding period 120d reached
79,ASHOKA,2026-01-01,2026-01-20,19,167.9,142.0,-16.44,Stop-loss hit (down -15%)
80,GRMOVER,2026-01-01,2026-04-01,90,161.5,155.1,-4.94,Lean Score dropped 20 from peak 83 (trail 15)
81,IOC,2026-01-01,2026-03-23,81,165.9,138.1,-17.74,Stop-loss hit (down -17%)
82,KOTAKBANK,2026-01-01,2026-03-12,70,443.6,375.3,-16.39,Stop-loss hit (down -15%)
83,PNCINFRA,2026-01-01,2026-01-27,26,251.2,211.6,-16.78,Stop-loss hit (down -16%)
84,ROLEXRINGS,2026-01-01,2026-04-01,90,128.0,116.7,-9.84,Lean Score 60 fell below exit 60 (signal faded / re-rated)
85,SUNTV,2026-01-01,2026-05-04,123,585.7,575.9,-2.68,Max holding period 120d reached
86,JSWINFRA,2026-01-06,2026-03-16,69,277.9,250.4,-10.91,Lean Score 50 fell below exit 60 (signal faded / re-rated)
87,BELRISE,2026-01-13,2026-03-06,52,175.7,197.2,11.22,Lean Score 57 fell below exit 60 (signal faded / re-rated)
88,DEEPINDS,2026-01-13,2026-03-16,62,378.0,349.0,-8.67,Lean Score no longer computable
89,CANBK,2026-01-14,2026-03-23,68,153.9,129.6,-16.81,Stop-loss hit (down -16%)
90,CEATLTD,2026-01-14,2026-03-30,75,3829.2,3242.5,-16.32,Stop-loss hit (down -15%)
91,SHAREINDIA,2026-01-14,2026-03-02,47,149.5,126.0,-16.7,Stop-loss hit (down -16%)
92,HBLENGINE,2026-01-20,2026-03-16,55,705.1,656.2,-7.93,Lean Score 58 fell below exit 60 (signal faded / re-rated)
93,OSWALPUMPS,2026-01-20,2026-02-11,22,422.7,356.8,-16.6,Stop-loss hit (down -16%)
94,THOMASCOOK,2026-01-20,2026-02-24,35,128.3,107.1,-17.53,Stop-loss hit (down -17%)
95,ASHOKA,2026-01-21,2026-03-09,47,141.2,117.4,-17.89,Stop-loss hit (down -17%)
96,AXISCADES,2026-01-21,2026-03-16,54,1119.2,1318.6,16.82,Lean Score 40 fell below exit 60 (signal faded / re-rated)
97,GODREJPROP,2026-01-21,2026-03-16,54,1644.4,1560.0,-6.13,Lean Score dropped 15 from peak 80 (trail 15)
98,LTFOODS,2026-01-21,2026-04-01,70,337.9,384.0,12.64,Lean Score 40 fell below exit 60 (signal faded / re-rated)
99,SWIGGY,2026-01-21,2026-03-12,50,334.6,280.9,-17.04,Stop-loss hit (down -16%)
100,TANLA,2026-01-21,2026-04-27,96,438.0,583.0,32.09,Lean Score 43 fell below exit 60 (signal faded / re-rated)
101,JMFINANCIL,2026-01-22,2026-04-01,69,131.3,120.3,-9.36,Lean Score 46 fell below exit 60 (signal faded / re-rated)
102,PREMIERENE,2026-01-22,2026-03-16,53,739.8,795.8,6.57,Lean Score 52 fell below exit 60 (signal faded / re-rated)
103,SANGHVIMOV,2026-01-22,2026-03-04,41,294.9,247.6,-17.05,Stop-loss hit (down -16%)
104,JISLJALEQS,2026-01-23,2026-03-23,59,34.4,27.7,-20.45,Stop-loss hit (down -19%)
105,PSPPROJECT,2026-01-23,2026-03-16,52,689.5,667.6,-4.18,Lean Score 50 fell below exit 60 (signal faded / re-rated)
106,TATACOMM,2026-01-23,2026-04-23,90,1560.2,1580.7,0.31,Lean Score 36 fell below exit 60 (signal faded / re-rated)
107,ADANIENT,2026-01-27,2026-03-16,48,1959.5,1978.0,-0.06,Lean Score 55 fell below exit 60 (signal faded / re-rated)
108,ENGINERSIN,2026-01-27,2026-04-01,64,164.6,201.0,21.13,Lean Score 53 fell below exit 60 (signal faded / re-rated)
109,MARKSANS,2026-01-27,2026-05-27,120,161.2,249.3,53.65,Max holding period 120d reached
110,NORTHARC,2026-01-27,2026-03-16,48,260.7,214.0,-18.92,Stop-loss hit (down -18%)
111,SHILPAMED,2026-01-27,2026-05-27,120,268.4,491.8,82.27,Max holding period 120d reached
112,BLS,2026-01-28,2026-03-16,47,264.4,244.1,-8.68,Lean Score dropped 19 from peak 79 (trail 15)
113,BRIGADE,2026-01-28,2026-04-01,63,735.4,672.6,-9.53,Lean Score 43 fell below exit 60 (signal faded / re-rated)
114,DIXON,2026-01-28,2026-03-16,47,10279.0,10263.0,-1.16,Lean Score 48 fell below exit 60 (signal faded / re-rated)
115,PNCINFRA,2026-01-28,2026-03-23,54,213.4,173.6,-19.64,Stop-loss hit (down -19%)
116,CHENNPETRO,2026-01-29,2026-05-29,120,874.9,1058.2,19.96,Max holding period 120d reached
117,SAMHI,2026-01-29,2026-03-23,53,169.5,133.6,-22.16,Stop-loss hit (down -21%)
118,TRIVENI,2026-01-29,2026-03-20,50,351.1,359.8,1.48,Lean Score dropped 15 from peak 81 (trail 15)
119,DEEPAKFERT,2026-02-02,2026-04-01,58,969.6,988.4,0.93,Lean Score 38 fell below exit 60 (signal faded / re-rated)
120,EIDPARRY,2026-02-02,2026-03-16,42,891.2,786.1,-12.79,Lean Score dropped 15 from peak 82 (trail 15)
121,IIFL,2026-02-02,2026-03-16,42,495.1,475.4,-4.98,Lean Score 60 fell below exit 60 (signal faded / re-rated)
122,360ONE,2026-02-09,2026-03-16,35,1138.3,1022.9,-11.14,Lean Score 51 fell below exit 60 (signal faded / re-rated)
123,EPL,2026-02-11,2026-03-13,30,221.9,183.9,-18.11,Stop-loss hit (down -17%)
124,RCF,2026-02-11,2026-03-05,22,135.9,114.2,-16.95,Stop-loss hit (down -16%)
125,AUROPHARMA,2026-02-12,2026-05-22,99,1157.9,1463.5,25.39,Lean Score 46 fell below exit 60 (signal faded / re-rated)
126,HAPPSTMNDS,2026-02-12,2026-03-16,32,380.7,377.4,-1.88,Lean Score 50 fell below exit 60 (signal faded / re-rated)
127,OSWALPUMPS,2026-02-12,2026-03-04,20,350.9,298.1,-16.02,Stop-loss hit (down -15%)
128,CIEINDIA,2026-02-13,2026-04-24,70,456.6,457.2,-0.86,Lean Score dropped 19 from peak 83 (trail 15)
129,SONATSOFTW,2026-02-13,2026-03-13,28,279.1,235.8,-16.53,Stop-loss hit (down -16%)
130,ZYDUSLIFE,2026-02-13,2026-04-01,47,904.7,863.2,-5.59,Lean Score dropped 18 from peak 84 (trail 15)
131,JUBLPHARMA,2026-02-17,2026-04-01,43,899.4,816.5,-10.21,Lean Score 40 fell below exit 60 (signal faded / re-rated)
132,ECLERX,2026-02-23,2026-03-17,22,1736.2,1474.7,-16.06,Stop-loss hit (down -15%)
133,NFL,2026-02-25,2026-03-30,33,78.3,64.5,-18.6,Stop-loss hit (down -18%)
134,SAGILITY,2026-02-25,2026-04-01,35,42.8,41.7,-3.43,Lean Score 55 fell below exit 60 (signal faded / re-rated)
135,THOMASCOOK,2026-02-25,2026-03-09,12,103.8,88.0,-16.21,Stop-loss hit (down -15%)
136,STAR,2026-02-27,2026-04-01,33,851.5,963.6,12.16,Lean Score dropped 32 from peak 96 (trail 15)
137,POWERMECH,2026-03-02,2026-05-21,80,2000.4,2473.9,22.67,Lean Score 59 fell below exit 60 (signal faded / re-rated)
138,RTNPOWER,2026-03-04,2026-04-01,28,7.8,8.3,5.96,Lean Score 34 fell below exit 60 (signal faded / re-rated)
139,FEDFINA,2026-03-05,2026-06-19,106,129.3,154.6,18.56,still open (marked to last close)
140,OSWALPUMPS,2026-03-05,2026-06-19,106,304.4,422.9,37.91,still open (marked to last close)
141,SANGHVIMOV,2026-03-05,2026-06-19,106,249.8,414.8,65.03,Lean Score dropped 16 from peak 81 (trail 15)
142,WAAREERTL,2026-03-05,2026-06-19,106,815.1,988.0,20.22,still open (marked to last close)
143,RCF,2026-03-06,2026-06-19,105,114.1,136.7,18.74,still open (marked to last close)
144,ASHOKA,2026-03-10,2026-04-01,22,120.0,110.7,-8.76,Lean Score 52 fell below exit 60 (signal faded / re-rated)
145,CHOLAHLDNG,2026-03-10,2026-03-16,6,1572.8,1570.6,-1.14,Lean Score dropped 16 from peak 79 (trail 15)
146,FINPIPE,2026-03-10,2026-03-30,20,185.3,149.9,-20.1,Stop-loss hit (down -19%)
147,NSLNISP,2026-03-10,2026-03-16,6,37.6,35.9,-5.62,Lean Score no longer computable
148,THOMASCOOK,2026-03-10,2026-04-01,22,93.9,95.8,1.01,Lean Score 43 fell below exit 60 (signal faded / re-rated)
149,VINCOFE,2026-03-10,2026-03-23,13,134.5,133.2,-1.96,Lean Score dropped 15 from peak 76 (trail 15)
150,BALRAMCHIN,2026-03-11,2026-05-18,68,519.0,541.1,3.25,Lean Score 55 fell below exit 60 (signal faded / re-rated)
151,APOLLOTYRE,2026-03-13,2026-06-19,98,400.3,425.5,5.3,still open (marked to last close)
152,KOTAKBANK,2026-03-13,2026-04-01,19,366.9,356.1,-3.94,Lean Score 48 fell below exit 60 (signal faded / re-rated)
153,M&M,2026-03-13,2026-06-19,98,2931.1,3074.8,3.9,still open (marked to last close)
154,SWIGGY,2026-03-13,2026-03-16,3,282.1,284.6,-0.13,Lean Score no longer computable
155,AARTIPHARM,2026-03-16,2026-04-01,16,629.4,635.0,-0.09,Lean Score dropped 17 from peak 79 (trail 15)
156,ACC,2026-03-16,2026-04-01,16,1373.2,1327.9,-4.3,Lean Score dropped 31 from peak 92 (trail 15)
157,ADANIPOWER,2026-03-16,2026-04-01,16,154.1,157.1,0.98,Lean Score 58 fell below exit 60 (signal faded / re-rated)
158,AFCONS,2026-03-16,2026-04-01,16,278.5,282.4,0.4,Lean Score 42 fell below exit 60 (signal faded / re-rated)
159,AGI,2026-03-16,2026-04-28,43,506.8,672.5,31.72,Lean Score 59 fell below exit 60 (signal faded / re-rated)
160,ANGELONE,2026-03-16,2026-04-17,32,216.6,322.5,47.86,Lean Score dropped 16 from peak 97 (trail 15)
161,ARE&M,2026-03-16,2026-04-22,37,769.0,898.7,15.86,Lean Score dropped 16 from peak 95 (trail 15)
162,AWL,2026-03-16,2026-06-19,95,172.3,184.3,5.97,still open (marked to last close)
163,BAJAJHLDNG,2026-03-16,2026-04-01,16,9631.0,8907.0,-8.52,Lean Score 59 fell below exit 60 (signal faded / re-rated)
164,BALUFORGE,2026-03-16,2026-04-01,16,441.8,424.6,-4.89,Lean Score 39 fell below exit 60 (signal faded / re-rated)
165,BECTORFOOD,2026-03-16,2026-04-01,16,180.3,188.8,3.7,Lean Score 58 fell below exit 60 (signal faded / re-rated)
166,BEML,2026-03-16,2026-04-01,16,1495.9,1476.8,-2.28,Lean Score 39 fell below exit 60 (signal faded / re-rated)
167,BPCL,2026-03-16,2026-04-01,16,304.9,281.2,-8.77,Lean Score dropped 15 from peak 87 (trail 15)
168,CENTRALBK,2026-03-16,2026-04-01,16,35.0,33.1,-6.59,Lean Score 42 fell below exit 60 (signal faded / re-rated)
169,CHAMBLFERT,2026-03-16,2026-06-19,95,413.1,484.2,16.23,still open (marked to last close)
170,CIPLA,2026-03-16,2026-05-13,58,1300.0,1327.6,1.12,Lean Score 54 fell below exit 60 (signal faded / re-rated)
171,CMSINFO,2026-03-16,2026-05-15,60,290.4,302.9,3.34,Lean Score dropped 16 from peak 83 (trail 15)
172,COFORGE,2026-03-16,2026-04-01,16,1080.6,1153.9,5.78,Lean Score 51 fell below exit 60 (signal faded / re-rated)
173,CYIENT,2026-03-16,2026-04-24,39,854.5,873.0,1.17,Lean Score 44 fell below exit 60 (signal faded / re-rated)
174,DRREDDY,2026-03-16,2026-04-01,16,1276.9,1209.6,-6.27,Lean Score 44 fell below exit 60 (signal faded / re-rated)
175,ELECON,2026-03-16,2026-04-15,30,375.6,412.9,8.9,Lean Score 39 fell below exit 60 (signal faded / re-rated)
176,ELECTCAST,2026-03-16,2026-04-01,16,69.6,81.2,15.58,Lean Score 54 fell below exit 60 (signal faded / re-rated)
177,EPL,2026-03-16,2026-05-15,60,180.1,215.3,18.53,Lean Score 48 fell below exit 60 (signal faded / re-rated)
178,EXIDEIND,2026-03-16,2026-04-01,16,295.1,299.9,0.59,Lean Score 59 fell below exit 60 (signal faded / re-rated)
179,GAIL,2026-03-16,2026-05-22,67,146.1,160.8,9.07,Lean Score 57 fell below exit 60 (signal faded / re-rated)
180,GENUSPOWER,2026-03-16,2026-05-18,63,239.5,304.8,26.24,Lean Score 50 fell below exit 60 (signal faded / re-rated)
181,GHCL,2026-03-16,2026-04-01,16,454.8,445.2,-3.1,Lean Score dropped 24 from peak 93 (trail 15)
182,GLAND,2026-03-16,2026-06-19,95,1609.2,2199.0,35.65,still open (marked to last close)
183,GNFC,2026-03-16,2026-04-01,16,417.7,391.2,-7.33,Lean Score dropped 17 from peak 95 (trail 15)
184,GOKULAGRO,2026-03-16,2026-05-18,63,159.2,240.6,50.15,Lean Score dropped 15 from peak 83 (trail 15)
185,GREAVESCOT,2026-03-16,2026-06-19,95,135.8,198.5,45.25,Lean Score dropped 15 from peak 82 (trail 15)
186,HCC,2026-03-16,2026-04-01,16,14.9,15.1,0.34,Lean Score 52 fell below exit 60 (signal faded / re-rated)
187,HEG,2026-03-16,2026-04-01,16,498.6,564.1,12.15,Lean Score 38 fell below exit 60 (signal faded / re-rated)
188,HERITGFOOD,2026-03-16,2026-04-01,16,308.8,307.7,-1.36,Lean Score 49 fell below exit 60 (signal faded / re-rated)
189,HINDPETRO,2026-03-16,2026-06-19,95,353.8,392.1,9.83,still open (marked to last close)
190,HUDCO,2026-03-16,2026-06-19,95,172.1,208.7,20.22,still open (marked to last close)
191,IRB,2026-03-16,2026-05-20,65,20.7,21.1,1.18,Lean Score dropped 30 from peak 93 (trail 15)
192,IRCON,2026-03-16,2026-06-19,95,125.8,137.2,8.03,still open (marked to last close)
193,J&KBANK,2026-03-16,2026-06-19,95,123.7,163.6,31.27,still open (marked to last close)
194,JAICORPLTD,2026-03-16,2026-04-01,16,96.5,96.5,-0.98,Lean Score 56 fell below exit 60 (signal faded / re-rated)
195,JINDALSAW,2026-03-16,2026-04-28,43,196.7,240.3,21.17,Lean Score dropped 24 from peak 96 (trail 15)
196,JINDRILL,2026-03-16,2026-05-25,70,474.2,629.1,31.67,Lean Score 54 fell below exit 60 (signal faded / re-rated)
197,JKIL,2026-03-16,2026-04-01,16,495.4,455.9,-8.97,Lean Score dropped 28 from peak 93 (trail 15)
198,JKLAKSHMI,2026-03-16,2026-05-21,66,583.8,619.8,5.18,Lean Score 52 fell below exit 60 (signal faded / re-rated)
199,KALAMANDIR,2026-03-16,2026-06-19,95,96.2,109.3,12.57,still open (marked to last close)
200,KEC,2026-03-16,2026-05-18,63,534.6,487.6,-9.79,Lean Score 48 fell below exit 60 (signal faded / re-rated)
201,KNRCON,2026-03-16,2026-04-01,16,120.8,123.8,1.52,Lean Score dropped 18 from peak 98 (trail 15)
202,KPIL,2026-03-16,2026-06-19,95,1088.1,1398.7,27.55,still open (marked to last close)
203,KRBL,2026-03-16,2026-04-01,16,290.4,302.9,3.31,Lean Score 54 fell below exit 60 (signal faded / re-rated)
204,LICHSGFIN,2026-03-16,2026-05-14,59,501.5,560.4,10.74,Lean Score dropped 32 from peak 98 (trail 15)
205,LICI,2026-03-16,2026-06-19,95,388.7,440.1,12.24,still open (marked to last close)
206,MAHABANK,2026-03-16,2026-06-19,95,63.3,90.2,41.41,Lean Score dropped 18 from peak 78 (trail 15)
207,MOREPENLAB,2026-03-16,2026-06-19,95,37.8,49.5,30.13,still open (marked to last close)
208,MOTILALOFS,2026-03-16,2026-06-19,95,670.0,953.5,41.32,Lean Score 58 fell below exit 60 (signal faded / re-rated)
209,MSTCLTD,2026-03-16,2026-04-01,16,405.7,388.3,-5.29,Lean Score 58 fell below exit 60 (signal faded / re-rated)
210,NATCOPHARM,2026-03-16,2026-04-01,16,946.1,1001.9,4.89,Lean Score 58 fell below exit 60 (signal faded / re-rated)
211,NCC,2026-03-16,2026-05-18,63,141.8,152.7,6.66,Lean Score dropped 23 from peak 93 (trail 15)
212,NMDC,2026-03-16,2026-05-18,63,77.6,90.1,15.22,Lean Score dropped 16 from peak 80 (trail 15)
213,NUVAMA,2026-03-16,2026-04-01,16,1158.8,1138.9,-2.72,Lean Score 37 fell below exit 60 (signal faded / re-rated)
214,PARAGMILK,2026-03-16,2026-04-01,16,201.1,192.5,-5.26,Lean Score dropped 15 from peak 76 (trail 15)
215,PATANJALI,2026-03-16,2026-04-01,16,483.8,470.1,-3.83,Lean Score 48 fell below exit 60 (signal faded / re-rated)
216,PATELENG,2026-03-16,2026-05-14,59,23.9,26.7,10.81,Lean Score dropped 24 from peak 97 (trail 15)
217,PFC,2026-03-16,2026-05-13,58,406.2,446.0,8.78,Lean Score 37 fell below exit 60 (signal faded / re-rated)
218,PTC,2026-03-16,2026-05-20,65,157.3,196.3,23.79,Lean Score 49 fell below exit 60 (signal faded / re-rated)
219,RATNAVEER,2026-03-16,2026-04-29,44,138.9,168.8,20.52,Lean Score dropped 15 from peak 78 (trail 15)
220,SAMMAANCAP,2026-03-16,2026-05-21,66,138.1,154.3,10.71,Lean Score 2 fell below exit 60 (signal faded / re-rated)
221,SANDHAR,2026-03-16,2026-05-21,66,484.1,586.2,20.08,Lean Score 56 fell below exit 60 (signal faded / re-rated)
222,SHYAMMETL,2026-03-16,2026-04-01,16,761.5,797.0,3.67,Lean Score 54 fell below exit 60 (signal faded / re-rated)
223,SONATSOFTW,2026-03-16,2026-04-01,16,233.2,220.7,-6.32,Lean Score 41 fell below exit 60 (signal faded / re-rated)
224,SUNFLAG,2026-03-16,2026-05-04,49,208.4,321.1,53.1,Lean Score 59 fell below exit 60 (signal faded / re-rated)
225,SURYAROSNI,2026-03-16,2026-04-01,16,203.1,208.1,1.5,Lean Score dropped 19 from peak 89 (trail 15)
226,TATAINVEST,2026-03-16,2026-04-22,37,621.6,731.4,16.66,Lean Score dropped 18 from peak 87 (trail 15)
227,TEXRAIL,2026-03-16,2026-04-01,16,89.3,88.4,-1.97,Lean Score dropped 19 from peak 86 (trail 15)
228,TFCILTD,2026-03-16,2026-05-14,59,65.6,76.9,16.27,Lean Score 39 fell below exit 60 (signal faded / re-rated)
229,THYROCARE,2026-03-16,2026-04-06,21,360.0,379.4,4.4,Lean Score dropped 15 from peak 77 (trail 15)
230,V2RETAIL,2026-03-16,2026-04-01,16,189.7,189.4,-1.13,Lean Score dropped 24 from peak 87 (trail 15)
231,VTL,2026-03-16,2026-04-01,16,531.3,529.8,-1.28,Lean Score 53 fell below exit 60 (signal faded / re-rated)
232,WELCORP,2026-03-16,2026-04-01,16,795.8,827.8,3.02,Lean Score 33 fell below exit 60 (signal faded / re-rated)
233,WELENT,2026-03-16,2026-06-19,95,461.1,567.9,22.15,still open (marked to last close)
234,ZEEL,2026-03-16,2026-04-01,16,75.4,76.1,-0.1,Lean Score 41 fell below exit 60 (signal faded / re-rated)
235,ZYDUSWELL,2026-03-16,2026-05-18,63,425.7,495.6,15.43,Lean Score dropped 29 from peak 99 (trail 15)
236,REDINGTON,2026-03-17,2026-05-14,58,228.1,217.1,-5.78,Lean Score 56 fell below exit 60 (signal faded / re-rated)
237,UTIAMC,2026-03-17,2026-04-24,38,958.5,925.2,-4.47,Lean Score 46 fell below exit 60 (signal faded / re-rated)
238,ECLERX,2026-03-18,2026-05-14,57,1486.0,1518.5,1.19,Lean Score 45 fell below exit 60 (signal faded / re-rated)
239,GODREJPROP,2026-03-20,2026-04-01,12,1549.5,1508.1,-3.67,Lean Score 52 fell below exit 60 (signal faded / re-rated)
240,MRF,2026-03-23,2026-06-19,88,124975.0,128645.0,1.94,still open (marked to last close)
241,CANBK,2026-03-24,2026-04-01,8,133.2,127.3,-5.39,Lean Score 53 fell below exit 60 (signal faded / re-rated)
242,CCAVENUE,2026-03-24,2026-06-19,87,13.6,15.1,10.05,still open (marked to last close)
243,IOC,2026-03-24,2026-04-01,8,138.7,135.7,-3.15,Lean Score dropped 18 from peak 93 (trail 15)
244,JISLJALEQS,2026-03-24,2026-05-15,52,29.6,31.1,4.03,Lean Score 30 fell below exit 60 (signal faded / re-rated)
245,JKTYRE,2026-03-24,2026-04-01,8,398.1,393.8,-2.07,Lean Score dropped 15 from peak 93 (trail 15)
246,MGL,2026-03-24,2026-05-07,44,922.4,1179.8,26.91,Lean Score dropped 15 from peak 80 (trail 15)
247,PNCINFRA,2026-03-24,2026-06-19,87,173.9,226.0,28.95,still open (marked to last close)
248,SAMHI,2026-03-24,2026-05-22,59,135.5,150.1,9.74,Lean Score dropped 32 from peak 92 (trail 15)
249,ASIANTILES,2026-03-25,2026-04-01,7,59.4,58.4,-2.7,Lean Score 32 fell below exit 60 (signal faded / re-rated)
250,AURIONPRO,2026-03-25,2026-04-01,7,795.2,783.2,-2.51,Lean Score 45 fell below exit 60 (signal faded / re-rated)
251,ZENSARTECH,2026-03-25,2026-06-11,78,535.1,442.8,-18.26,Stop-loss hit (down -17%)
252,MANINFRA,2026-03-30,2026-05-14,45,78.4,119.1,50.78,Lean Score 39 fell below exit 60 (signal faded / re-rated)
253,PNB,2026-03-30,2026-04-01,2,100.6,104.0,2.42,Lean Score 43 fell below exit 60 (signal faded / re-rated)
254,ABFRL,2026-04-01,2026-06-19,79,58.0,60.6,3.46,Lean Score no longer computable
255,ATALREAL,2026-04-01,2026-06-19,79,22.7,30.7,34.47,still open (marked to last close)
256,ATHERENERG,2026-04-01,2026-06-19,79,771.0,971.7,25.02,Lean Score no longer computable
257,BAJAJ-AUTO,2026-04-01,2026-06-19,79,8895.5,10066.0,12.16,still open (marked to last close)
258,CEATLTD,2026-04-01,2026-06-19,79,3385.8,3450.0,0.9,still open (marked to last close)
259,CEIGALL,2026-04-01,2026-06-19,79,277.9,374.6,33.8,still open (marked to last close)
260,CREDITACC,2026-04-01,2026-06-19,79,1192.0,1406.0,16.95,Lean Score 53 fell below exit 60 (signal faded / re-rated)
261,CRIZAC,2026-04-01,2026-06-19,79,192.6,214.6,10.42,still open (marked to last close)
262,DCBBANK,2026-04-01,2026-04-27,26,166.8,190.9,13.43,Lean Score 54 fell below exit 60 (signal faded / re-rated)
263,DIACABS,2026-04-01,2026-06-19,79,125.3,209.2,65.98,Lean Score dropped 18 from peak 81 (trail 15)
264,FIRSTCRY,2026-04-01,2026-06-19,79,220.7,215.8,-3.23,Lean Score no longer computable
265,GLENMARK,2026-04-01,2026-06-19,79,2101.1,2213.6,4.35,still open (marked to last close)
266,HAPPSTMNDS,2026-04-01,2026-06-19,79,392.8,345.4,-13.07,still open (marked to last close)
267,HFCL,2026-04-01,2026-05-27,56,72.5,173.9,138.99,Lean Score dropped 15 from peak 76 (trail 15)
268,HONASA,2026-04-01,2026-06-19,79,307.4,417.4,34.76,Lean Score 45 fell below exit 60 (signal faded / re-rated)
269,IIFL,2026-04-01,2026-06-19,79,437.8,532.6,20.67,Lean Score dropped 18 from peak 83 (trail 15)
270,INTELLECT,2026-04-01,2026-06-19,79,635.9,746.7,16.42,Lean Score 53 fell below exit 60 (signal faded / re-rated)
271,IOB,2026-04-01,2026-06-19,79,32.4,35.1,7.27,still open (marked to last close)
272,IPCALAB,2026-04-01,2026-06-19,79,1508.2,1585.8,4.15,still open (marked to last close)
273,JAMNAAUTO,2026-04-01,2026-06-19,79,120.0,132.4,9.35,still open (marked to last close)
274,JSWSTEEL,2026-04-01,2026-06-19,79,1140.4,1295.0,12.56,still open (marked to last close)
275,LATENTVIEW,2026-04-01,2026-05-18,47,261.2,308.7,17.19,Lean Score 42 fell below exit 60 (signal faded / re-rated)
276,LLOYDSENGG,2026-04-01,2026-06-19,79,41.5,86.8,108.45,Lean Score 41 fell below exit 60 (signal faded / re-rated)
277,LLOYDSME,2026-04-01,2026-06-19,79,1347.6,1769.0,30.27,Lean Score 51 fell below exit 60 (signal faded / re-rated)
278,LODHA,2026-04-01,2026-04-27,26,685.4,879.5,27.32,Lean Score 37 fell below exit 60 (signal faded / re-rated)
279,LUPIN,2026-04-01,2026-06-19,79,2274.9,2351.6,2.37,still open (marked to last close)
280,MMTC,2026-04-01,2026-06-19,79,55.2,74.5,34.1,still open (marked to last close)
281,NEULANDLAB,2026-04-01,2026-06-19,79,12613.0,17345.0,36.52,Lean Score 45 fell below exit 60 (signal faded / re-rated)
282,NFL,2026-04-01,2026-06-19,79,69.4,77.9,11.13,still open (marked to last close)
283,NHPC,2026-04-01,2026-06-19,79,75.4,75.8,-0.43,still open (marked to last close)
284,NIACL,2026-04-01,2026-06-19,79,123.7,202.3,62.59,Lean Score dropped 17 from peak 82 (trail 15)
285,NLCINDIA,2026-04-01,2026-06-19,79,283.2,321.7,12.59,still open (marked to last close)
286,PAISALO,2026-04-01,2026-06-10,70,35.4,59.5,67.3,Lean Score 60 fell below exit 60 (signal faded / re-rated)
287,PCJEWELLER,2026-04-01,2026-06-19,79,8.2,8.9,7.0,still open (marked to last close)
288,PRESTIGE,2026-04-01,2026-06-19,79,1144.9,1497.3,29.78,Lean Score 43 fell below exit 60 (signal faded / re-rated)
289,PSPPROJECT,2026-04-01,2026-06-19,79,621.9,969.1,54.83,Lean Score 53 fell below exit 60 (signal faded / re-rated)
290,SFL,2026-04-01,2026-06-19,79,485.9,700.6,43.21,Lean Score dropped 19 from peak 83 (trail 15)
291,SOUTHBANK,2026-04-01,2026-06-04,64,36.4,44.6,21.69,Lean Score 59 fell below exit 60 (signal faded / re-rated)
292,STARHEALTH,2026-04-01,2026-06-19,79,469.9,580.2,22.48,Lean Score dropped 19 from peak 82 (trail 15)
293,STOVEKRAFT,2026-04-01,2026-06-19,79,477.4,694.2,44.42,Lean Score 55 fell below exit 60 (signal faded / re-rated)
294,SUDARSCHEM,2026-04-01,2026-06-19,79,778.4,913.6,16.38,Lean Score 55 fell below exit 60 (signal faded / re-rated)
295,SUPRIYA,2026-04-01,2026-06-19,79,601.0,932.2,54.11,still open (marked to last close)
296,SWIGGY,2026-04-01,2026-06-19,79,265.3,254.1,-5.24,Lean Score no longer computable
297,TATACHEM,2026-04-01,2026-06-19,79,606.8,729.1,19.17,Lean Score no longer computable
298,TRIVENI,2026-04-01,2026-06-19,79,392.7,403.6,1.76,Lean Score dropped 15 from peak 82 (trail 15)
299,TVSSCS,2026-04-01,2026-06-19,79,95.5,140.3,45.91,Lean Score 49 fell below exit 60 (signal faded / re-rated)
300,UJJIVANSFB,2026-04-01,2026-06-19,79,53.6,57.3,5.81,Lean Score dropped 18 from peak 79 (trail 15)
301,WIPRO,2026-04-01,2026-06-19,79,191.2,180.8,-6.43,still open (marked to last close)
302,BPCL,2026-04-02,2026-06-19,78,278.1,306.6,9.23,still open (marked to last close)
303,EDELWEISS,2026-04-02,2026-06-19,78,106.0,124.7,16.7,still open (marked to last close)
304,GNFC,2026-04-02,2026-06-19,78,398.7,567.6,41.38,still open (marked to last close)
305,IOC,2026-04-02,2026-06-19,78,134.1,143.4,5.93,still open (marked to last close)
306,JKTYRE,2026-04-02,2026-06-19,78,388.9,401.3,2.18,still open (marked to last close)
307,KAJARIACER,2026-04-02,2026-06-19,78,974.0,1170.4,19.16,Lean Score 57 fell below exit 60 (signal faded / re-rated)
308,KNRCON,2026-04-02,2026-06-19,78,121.1,140.9,15.34,still open (marked to last close)
309,BOMDYEING,2026-04-06,2026-06-19,74,102.5,135.0,30.64,Lean Score 46 fell below exit 60 (signal faded / re-rated)
310,SURYAROSNI,2026-04-07,2026-06-19,73,208.5,266.3,26.75,still open (marked to last close)
311,AIAENG,2026-04-08,2026-06-19,72,3674.5,4687.0,26.55,still open (marked to last close)
312,MANAPPURAM,2026-04-08,2026-06-19,72,269.6,318.6,17.22,Lean Score 46 fell below exit 60 (signal faded / re-rated)
313,SAIL,2026-04-08,2026-06-19,72,164.4,180.1,8.51,still open (marked to last close)
314,MRPL,2026-04-13,2026-05-29,46,170.8,145.0,-16.15,Stop-loss hit (down -15%)
315,GAEL,2026-04-16,2026-06-19,64,152.4,160.0,3.96,still open (marked to last close)
316,IIFLCAPS,2026-04-16,2026-06-19,64,296.8,344.4,15.03,still open (marked to last close)
317,INDOTHAI,2026-04-16,2026-05-25,39,290.6,238.9,-18.79,Stop-loss hit (down -18%)
318,SCI,2026-04-16,2026-06-19,64,288.9,312.1,7.04,still open (marked to last close)
319,SENCO,2026-04-16,2026-06-19,64,324.6,340.4,3.88,still open (marked to last close)
320,ANGELONE,2026-04-20,2026-06-19,60,319.2,353.7,9.82,still open (marked to last close)
321,NETWORK18,2026-04-20,2026-06-01,42,35.9,30.2,-16.97,Stop-loss hit (down -16%)
322,ARE&M,2026-04-23,2026-06-19,57,913.3,844.6,-8.52,still open (marked to last close)
323,SWSOLAR,2026-04-23,2026-06-01,39,219.7,182.0,-18.14,Stop-loss hit (down -17%)
324,LTM,2026-04-24,2026-06-19,56,4282.3,3832.5,-11.5,still open (marked to last close)
325,EQUITASBNK,2026-04-27,2026-06-19,53,67.3,77.2,13.72,Lean Score 42 fell below exit 60 (signal faded / re-rated)
326,MUTHOOTFIN,2026-04-27,2026-06-08,42,3493.8,2964.7,-16.14,Stop-loss hit (down -15%)
327,PETRONET,2026-04-27,2026-06-19,53,279.9,288.7,2.14,still open (marked to last close)
328,RBLBANK,2026-04-27,2026-06-19,53,312.8,378.9,20.12,still open (marked to last close)
329,SUNTECK,2026-04-27,2026-05-18,21,355.4,301.6,-16.11,Stop-loss hit (down -15%)
330,THELEELA,2026-04-27,2026-06-19,53,426.9,494.2,14.76,still open (marked to last close)
331,TMB,2026-04-27,2026-06-19,53,697.3,780.6,10.95,still open (marked to last close)
332,CANFINHOME,2026-04-28,2026-06-19,52,883.3,885.4,-0.77,still open (marked to last close)
333,OBEROIRLTY,2026-04-28,2026-06-19,52,1710.3,1683.5,-2.57,still open (marked to last close)
334,JINDALSAW,2026-04-29,2026-06-19,51,229.8,260.9,12.52,still open (marked to last close)
335,GESHIP,2026-05-04,2026-06-19,46,1536.8,1437.7,-7.45,still open (marked to last close)
336,MOTHERSON,2026-05-04,2026-05-20,16,120.2,132.2,8.95,Lean Score 36 fell below exit 60 (signal faded / re-rated)
337,ONGC,2026-05-04,2026-06-19,46,292.9,246.2,-16.93,Stop-loss hit (down -16%)
338,SAMBHV,2026-05-04,2026-06-01,28,121.9,102.3,-17.11,Stop-loss hit (down -16%)
339,AKUMS,2026-05-05,2026-05-14,9,552.8,527.9,-5.5,Lean Score 48 fell below exit 60 (signal faded / re-rated)
340,SUNTV,2026-05-05,2026-05-22,17,580.1,486.7,-17.1,Stop-loss hit (down -16%)
341,OIL,2026-05-06,2026-06-19,44,450.2,418.1,-8.13,still open (marked to last close)
342,QUESS,2026-05-14,2026-06-19,36,207.1,249.9,19.64,still open (marked to last close)
343,SIGNATURE,2026-05-14,2026-06-19,36,866.2,798.8,-8.78,still open (marked to last close)
344,DEEPINDS,2026-05-15,2026-06-19,35,445.6,487.1,8.3,still open (marked to last close)
345,PATELENG,2026-05-15,2026-06-19,35,26.3,31.0,17.13,still open (marked to last close)
346,SJVN,2026-05-15,2026-06-19,35,77.4,72.9,-6.86,still open (marked to last close)
347,FUSION,2026-05-18,2026-06-19,32,183.3,180.0,-2.82,still open (marked to last close)
348,IDEA,2026-05-18,2026-06-19,32,12.9,14.9,15.02,still open (marked to last close)
349,TATASTEEL,2026-05-18,2026-06-19,32,209.7,199.0,-6.13,still open (marked to last close)
350,SUNTECK,2026-05-19,2026-06-19,31,295.9,326.1,9.21,still open (marked to last close)
351,TATAINVEST,2026-05-19,2026-06-19,31,663.5,691.0,3.14,still open (marked to last close)
352,IOLCP,2026-05-20,2026-06-19,30,119.5,130.2,7.93,still open (marked to last close)
353,JYOTHYLAB,2026-05-20,2026-06-19,30,209.6,202.3,-4.49,still open (marked to last close)
354,KTKBANK,2026-05-20,2026-06-19,30,263.8,274.7,3.13,still open (marked to last close)
355,ZYDUSWELL,2026-05-21,2026-06-19,29,493.7,512.4,2.78,still open (marked to last close)
356,GHCL,2026-05-25,2026-06-19,25,443.3,435.4,-2.78,still open (marked to last close)
357,GPIL,2026-05-25,2026-06-19,25,285.1,269.1,-6.6,still open (marked to last close)
358,ZOTA,2026-05-25,2026-06-19,25,1122.1,1307.6,15.53,still open (marked to last close)
359,INDOTHAI,2026-05-26,2026-06-19,24,245.2,236.5,-4.52,Lean Score 55 fell below exit 60 (signal faded / re-rated)
360,MARKSANS,2026-05-29,2026-06-19,21,246.2,259.7,4.48,still open (marked to last close)
361,SHILPAMED,2026-05-29,2026-06-19,21,498.9,551.4,9.5,still open (marked to last close)
362,CHENNPETRO,2026-06-01,2026-06-19,18,1096.9,1097.8,-0.92,still open (marked to last close)
363,NETWORK18,2026-06-02,2026-06-19,17,30.3,34.0,11.26,still open (marked to last close)
364,SWSOLAR,2026-06-02,2026-06-19,17,191.6,235.5,21.9,still open (marked to last close)
365,MUTHOOTFIN,2026-06-09,2026-06-19,10,2991.1,3126.1,3.51,still open (marked to last close)
366,AARTIIND,2026-06-10,2026-06-19,9,433.6,484.5,10.73,Lean Score 51 fell below exit 60 (signal faded / re-rated)
367,GRMOVER,2026-06-11,2026-06-19,8,87.6,93.3,5.52,still open (marked to last close)
368,AARTIPHARM,2026-06-19,2026-06-19,0,691.8,691.8,-1.0,still open (marked to last close)
369,ACC,2026-06-19,2026-06-19,0,1343.3,1343.3,-1.0,still open (marked to last close)
370,ALKEM,2026-06-19,2026-06-19,0,5381.0,5381.0,-1.0,still open (marked to last close)
371,AMBUJACEM,2026-06-19,2026-06-19,0,423.9,423.9,-1.0,still open (marked to last close)
372,ASHOKA,2026-06-19,2026-06-19,0,135.2,135.2,-1.0,still open (marked to last close)
373,BAJAJHLDNG,2026-06-19,2026-06-19,0,10677.0,10677.0,-1.0,still open (marked to last close)
374,BANKINDIA,2026-06-19,2026-06-19,0,146.6,146.6,-1.0,still open (marked to last close)
375,BRIGADE,2026-06-19,2026-06-19,0,545.5,545.5,-1.0,still open (marked to last close)
376,BSOFT,2026-06-19,2026-06-19,0,326.4,326.4,-1.0,still open (marked to last close)
377,CAMS,2026-06-19,2026-06-19,0,823.1,823.1,-1.0,still open (marked to last close)
378,CANBK,2026-06-19,2026-06-19,0,133.7,133.7,-1.0,still open (marked to last close)
379,CENTRALBK,2026-06-19,2026-06-19,0,32.8,32.8,-1.0,still open (marked to last close)
380,CIEINDIA,2026-06-19,2026-06-19,0,464.0,464.0,-1.0,still open (marked to last close)
381,DRREDDY,2026-06-19,2026-06-19,0,1272.1,1272.1,-1.0,still open (marked to last close)
382,EIDPARRY,2026-06-19,2026-06-19,0,704.1,704.1,-1.0,still open (marked to last close)
383,ELECTCAST,2026-06-19,2026-06-19,0,81.3,81.3,-1.0,still open (marked to last close)
384,ENGINERSIN,2026-06-19,2026-06-19,0,250.7,250.7,-1.0,still open (marked to last close)
385,FINPIPE,2026-06-19,2026-06-19,0,175.6,175.6,-1.0,still open (marked to last close)
386,GPPL,2026-06-19,2026-06-19,0,153.1,153.1,-1.0,still open (marked to last close)
387,GUJGASLTD,2026-06-19,2026-06-19,0,388.4,388.4,-1.0,still open (marked to last close)
388,HCC,2026-06-19,2026-06-19,0,27.0,27.0,-1.0,still open (marked to last close)
389,HEG,2026-06-19,2026-06-19,0,531.9,531.9,-1.0,still open (marked to last close)
390,HEROMOTOCO,2026-06-19,2026-06-19,0,4974.9,4974.9,-1.0,still open (marked to last close)
391,JAICORPLTD,2026-06-19,2026-06-19,0,121.2,121.2,-1.0,still open (marked to last close)
392,JMFINANCIL,2026-06-19,2026-06-19,0,126.3,126.3,-1.0,still open (marked to last close)
393,MGL,2026-06-19,2026-06-19,0,1209.0,1209.0,-1.0,still open (marked to last close)
394,NATCOPHARM,2026-06-19,2026-06-19,0,889.0,889.0,-1.0,still open (marked to last close)
395,NAZARA,2026-06-19,2026-06-19,0,297.4,297.4,-1.0,still open (marked to last close)
396,NMDC,2026-06-19,2026-06-19,0,88.4,88.4,-1.0,still open (marked to last close)
397,PARADEEP,2026-06-19,2026-06-19,0,136.2,136.2,-1.0,still open (marked to last close)
398,PATANJALI,2026-06-19,2026-06-19,0,421.7,421.7,-1.0,still open (marked to last close)
399,PFIZER,2026-06-19,2026-06-19,0,4533.7,4533.7,-1.0,still open (marked to last close)
400,PROTEAN,2026-06-19,2026-06-19,0,606.5,606.5,-1.0,still open (marked to last close)
401,RATNAVEER,2026-06-19,2026-06-19,0,189.0,189.0,-1.0,still open (marked to last close)
402,RECLTD,2026-06-19,2026-06-19,0,355.4,355.4,-1.0,still open (marked to last close)
403,ROLEXRINGS,2026-06-19,2026-06-19,0,143.2,143.2,-1.0,still open (marked to last close)
404,SAGILITY,2026-06-19,2026-06-19,0,39.5,39.5,-1.0,still open (marked to last close)
405,SHYAMMETL,2026-06-19,2026-06-19,0,970.3,970.3,-1.0,still open (marked to last close)
406,TECHNOE,2026-06-19,2026-06-19,0,1080.3,1080.3,-1.0,still open (marked to last close)
407,TEXRAIL,2026-06-19,2026-06-19,0,109.3,109.3,-1.0,still open (marked to last close)
408,THOMASCOOK,2026-06-19,2026-06-19,0,111.6,111.6,-1.0,still open (marked to last close)
409,TIMETECHNO,2026-06-19,2026-06-19,0,178.4,178.4,-1.0,still open (marked to last close)
410,TRANSRAILL,2026-06-19,2026-06-19,0,507.7,507.7,-1.0,still open (marked to last close)
411,V2RETAIL,2026-06-19,2026-06-19,0,236.8,236.8,-1.0,still open (marked to last close)
412,VTL,2026-06-19,2026-06-19,0,657.5,657.5,-1.0,still open (marked to last close)
413,ZENSARTECH,2026-06-19,2026-06-19,0,447.9,447.9,-1.0,still open (marked to last close)
